[
    {
        "name": "Elias E. Gorr",
        "title": "Itinerant Gravedigger",
        "description": "It can be hard for a traveling grave digger to find jobs, but there's always work at Castle Slogar",
        "family": "Castle Slogar"
    },
    {
        "name": "Grogar",
        "title": "Work in Progress",
        "description": "Professor Slogar is determined to create the perfect groom for her daughter. She still has a ways to go.",
        "family": "Castle Slogar"
    },
    {
        "name": "Lord Slogar",
        "title": "Brain in a Box",
        "description": "Lord Slogar's thoughts may be muddled, but Helena assures us that his heart is in the right place.",
        "family": "Castle Slogar"
    },
    {
        "name": "Melissa Slogar",
        "title": "Cadaverous Child",
        "description": "It's a shame when a child dies at a tender age. But sometimes it's a shame when she doesn't.",
        "family": "Castle Slogar"
    },
    {
        "name": "Professor Helena Slogar",
        "title": "Eccentric Inventor",
        "description": "Helena enjoys gardening, long walks in the moonlight, and reanimating the dead.",
        "family": "Castle Slogar"
    },
    {
        "name": "Butterfield",
        "title": "The Lurking Butler",
        "description": "Whatever it is, he did it.",
        "family": "Hemlock Hall"
    },
    {
        "name": "Goody Zarr",
        "title": "Nefarious Nanny",
        "description": "Goody Zarr has been most vigilant in schooling the children; they're nearly halfway through Ye Bigge Book of Poisons",
        "family": "Hemlock Hall"
    },
    {
        "name": "Lola Wellington-Smythe",
        "title": "Wild Child",
        "description": "Once in a lifetime, you may have the chance to dance with the Devil or dice with Death. For Lola, that's a slow night",
        "family": "Hemlock Hall"
    },
    {
        "name": "Lord Wellington-Smythe",
        "title": "Dumbfounded Duke",
        "description": "Since the death of his wife, he has doted on his two youngest children ... despite the remarkable lack of paternal resemblance",
        "family": "Hemlock Hall"
    },
    {
        "name": "The Twins",
        "title": "Adorable Tots",
        "description": "The Wellington-Smythe twins are the sweetest demonically possessed sociopaths you'll ever meet.",
        "family": "Hemlock Hall"
    },
    {
        "name": "Angel",
        "title": "Starry-eyed Serial Killer",
        "description": "Angel's always had a hankering to go to the big city ... and kill someone.",
        "family": "Blackwater Watch"
    },
    {
        "name": "Balthazar",
        "title": "The Unfaithful Hound",
        "description": "Balthazar knows where all the bones are buried.",
        "family": "Blackwater Watch"
    },
    {
        "name": "Cousin Mordecai",
        "title": "The Red-Headed Stepchild",
        "description": "Inbreeding is the least of his worries.",
        "family": "Blackwater Watch"
    },
    {
        "name": "The Old Dam",
        "title": "Murderous Matriarch",
        "description": "She rules the Blackwater clan with an iron fist. And, when necessary, with blackmail, poison, and a knife in the dark.",
        "family": "Blackwater Watch"
    },
    {
        "name": "Willem Stark",
        "title": "Disturbing Handyman",
        "description": "Willem has worked with the Old Dam for decades. In that time, he's handled all sorts of jobs. And relatives.",
        "family": "Blackwater Watch"
    },
    {
        "name": "Darius Dark",
        "title": "Sinister Ringmaster",
        "description": "The carnival is in Dark's blood. And there is quite a lot of blood in his carnival ...",
        "family": "Dark's Den of Deformity"
    },
    {
        "name": "Elissandre DeVille",
        "title": "The Illustrated Lady",
        "description": "Sadly, Elissandre's modesty prevents her from sharing her remarkable tattos with the world.",
        "family": "Dark's Den of Deformity"
    },
    {
        "name": "Mister Giggles",
        "title": "Creepy Clown",
        "description": "Mister Giggles always has a smile for the children.",
        "family": "Dark's Den of Deformity"
    },
    {
        "name": "Samson O'Toole",
        "title": "The Bearded Man",
        "description": "While bearded ladies are always popular, few people seem interested in Samson's remarkable deformity.",
        "family": "Dark's Den of Deformity"
    },
    {
        "name": "Thumbelisa",
        "title": "The Diminutive Diva",
        "description": "Darius Dark would have been wiser to promote Thumbelisa's minute size instead of her mediocre operatic talents.",
        "family": "Dark's Den of Deformity"
    },
]
