[
	{
		"title": "Was Marooned on the Moors",
		"points1": -10,
		"storyIcon": "Beast",
		"description": "Stupid crows, stupid bread crumbs, stupid moors."
	},
	{
		"title": "Was Written Out of the Will",
		"points2": -20,
		"storyIcon": "Lucre",
		"description": "Where there's a will, there's a way to get cheated out of your share.",
		"effect": "SkipDrawPhase"
	},
	{
		"title": "Was Shunned by Society",
		"points1": -15,
		"points2": -15,
		"points3": -15,
		"storyIcon": "Death",
		"description": "Can you blame them?"
	},
	{
		"title": "Was Galled by Gangrene",
		"points1": -15,
		"storyIcon": "Death",
		"description": "Who likes to lose a limb?"
	},
	{
		"title": "Was Ruined by Rum",
		"points1": -15,
		"points3": -10,
		"storyIcon": "Goblet",
		"description": "The bane of pirates and socialites alike.",
		"effect": "SkipDrawPhase"
	},
	{
		"title": "Stole from a Stiff",
		"points3": -15,
		"storyIcon": "Lucre",
		"description": "Is it still embezzling if they're embalmed?"
	},
	{
		"title": "Was Wondrously Well Wed",
		"points3": 20,
		"storyIcon": "Romance",
		"description": "Apparently headstones are the \"in\" gift this year."
	},
	{
		"title": "Was Scarred by Scandals",
		"points2": -25,
		"description": "The truth hurts."
	},
	{
		"title": "Fell Down the Well",
		"points1": -10,
		"description": "All's well that ends well, unless it ends IN the well."
	},
	{
		"title": "Was Diverted by Drink",
		"points1": 10,
		"storyIcon": "Goblet",
		"description": "A little diversion goes a long way."
	},
	{
		"title": "Was Widowed at the Wedding",
		"points3": -25,
		"storyIcon": "Blank",
		"description": "The bride wore red."
	},
	{
		"title": "Suffered from Sores",
		"points1": -15,
		"points3": -15,
		"storyIcon": "Death",
		"description": "Apparently you ARE a sore loser!"
	},
	{
		"title": "Found Fame at a Feast",
		"points1": 0,
		"points2": 10,
		"storyIcon": "Goblet",
		"description": "It's easy to be the life of the party when the other guests keep dying."
	},
	{
		"title": "Was Driven to Drink",
		"points1": -15,
		"storyIcon": "Goblet",
		"description": "Don't drive and drink."
	},
	{
		"title": "Found Maggots in the Meat",
		"points1": -15,
		"storyIcon": "Goblet",
		"description": "Finders, keepers."
	},
	{
		"title": "Was Blessed by the Bishop",
		"points3": 20,
		"storyIcon": "Romance",
		"description": "Ashes to Ashes."
	},
	{
		"title": "Found Love on the Lake",
		"points3": 15,
		"storyIcon": "Romance",
		"description": "Sooner or later, someone's bound to sink your boat."
	},
	{
		"title": "Was Married Magnificently",
		"points3": 15,
		"storyIcon": "Romance",
		"description": "It's the happiest day of your life…. and possibly your last."
	},
	{
		"title": "Was Delighted by Ducklings",
		"points1": 10,
		"storyIcon": "Duck",
		"description": "The say the Devil adores a duck."
	},
	{
		"title": "Was Crippled by Creditors",
		"points2": -20,
		"storyIcon": "Lucre",
		"description": "Delaying debts can be deadly."
	},
	{
		"title": "Was Clever at Cards",
		"points1": 15,
		"storyIcon": "Lucre",
		"description": "Aces and eights? Again?"
	},
	{
		"title": "Was Swindled by a Salesman",
		"points2": -10,
		"storyIcon": "Lucre",
		"description": "It's the deal of a lifetime. A very short lifetime."
	},
	{
		"title": "Landed a legacy",
		"points2": 15,
		"storyIcon": "Lucre",
		"description": "For those you truly love, give the gift of Death."
	},
	{
		"title": "Was Perturbed by the Pudding",
		"points1": -5,
		"points2": -5,
		"storyIcon": "Goblet",
		"description": "Shark infested custard is an acquired taste."
	},
	{
		"title": "Was Sickened by Salmon",
		"points2": -10,
		"storyIcon": "Goblet",
		"description": "Fish, fowl or foul fish?"
	},
	{
		"title": "Starved in a Storm",
		"points1": -10,
		"points2": -10,
		"storyIcon": "Goblet",
		"description": "Unfortunately, you DIDN'T leave the cake out in the rain."
	},
	{
		"title": "Was Plagued by the Pox",
		"points1": -15,
		"points2": -15,
		"storyIcon": "Goblet",
		"description": "A plague on both your houses."
	},
	{
		"title": "Was Distressed by Dysentery",
		"points1": -15,
		"points2": -10,
		"storyIcon": "Death",
		"description": "That's more information than we really needed."
	},
	{
		"title": "Was Greeted by Ghosts",
		"points1": -10,
		"points3": -20,
		"storyIcon": "Death",
		"description": "That's what you get for revisiting your old haunts."
	},
	{
		"title": "Was hunted by horrors",
		"points2": -20,
		"points3": -20,
		"storyIcon": "Death",
		"description": "Pray for salvation."
	},
	{
		"title": "Was Jinxed by Gypsies",
		"points1": -15,
		"points2": -15,
		"storyIcon": "Death",
	  "description": "The tall, dark stranger in your future is carrying a scythe."
	},
	{
		"title": "Was Pestered by Poltergeists",
		"points2": -10,
		"points3": -10,
		"storyIcon": "Death",
		"description": "They're ba-a-ack!"
	},
	{
		"title": "Grew Old Without Grace",
		"points1": -20,
		"storyIcon": "Death",
		"description": "Death becomes you. Hurry it up!"
	},
	{
		"title": "Contracted consumption",
		"points1": -15,
		"points3": -15,
		"storyIcon": "Death",
		"description": "Conspicuous consumption is such a tragedy."
	},
	{
		"title": "Was Burdened by Boils",
		"points3": -10,
		"storyIcon": "Death",
		"description": "It beats being boiled, but not by much."
	},
	{
		"title": "Was Mauled by a Manatee",
		"points1": -20,
		"storyIcon": "Beast",
		"description": "They're fierce, if you rile 'em"
	},
	{
		"title": "Was Taunted by Tigers",
		"points1": -20,
		"points2": -10,
		"storyIcon": "Beast",
		"description": "Jumping through hoops isn't as fun when you're the one in the cage"
	},
	{
		"title": "Was Pierced by Porcupines",
		"points1": -10,
		"points2": -5,
		"storyIcon": "Beast",
		"description": "Sometimes having too many points can be a dangerous thing."
	},
	{
		"title": "Was Terrified by Topiary",
		"points1": -20,
		"storyIcon": "Beast",
		"description": "For generations, we've cut down trees at Christmas time. Now it's payback time."
	},
	{
		"title": "Was Charmed by the Circus",
		"points1": 10,
		"storyIcon": "Beast",
		"description": "Who doesn't enjoying watching a motley assortment of freakish folk cavort and caper about."
	},
	{
		"title": "Was Wounded by Wasps",
		"points2": -15,
		"storyIcon": "Beast",
		"description": "Not to mention being bothered by bees and harried by hornets"
	},
	{
		"title": "Was Startled by Snakes",
		"points1": -10,
		"points2": -10,
		"storyIcon": "Beast",
		"description": "Not to mention being vexed by vipers and angered by asps."
	},
	{
		"title": "Was Pursued by Poodles",
		"points1": -15,
		"storyIcon": "Beast",
		"description": "They may look silly, but they can strip the meat off a rhinoceros in less than a minute."
	},
	{
		"title": "Was Menaced by Mice",
		"points1": 0,
		"points2": -15,
		"points3": 0,
		"storyIcon": "Beast",
		"description": "Perhaps the elephants know something we don't."
	},
	{
		"title": "Was Popular in Parliament",
		"points1": 0,
		"points2": 15,
		"description": "Luckily, the voters are morons."
	},
	{
		"title": "Had a Picnic in the Park",
		"points1": 10,
		"points2": 5,
		"description": "A jug of wine, a loaf of bread, and a pack of wolves in the woods."
	},
	{
		"title": "Was Chased by Children",
		"points1": -10,
		"description": "Sticks and stones CAN break your bones."
	},
	{
		"title": "Was Beaten By Beggars",
		"points1": -15,
		"description": "Give 'til it hurts. Then give some more."
	},
	{
		"title": "Broke Many Bones",
		"points1": -20,
		"description": "They say that pain is the greatest teacher. Guess what? You failed."
	},
	{
		"title": "Was Put into Prison",
		"points1": -20,
		"description": "There's a place for everyone. This is yours."
	},
	{
		"title": "Was Trapped On A Train",
		"points1": -20,
		"description": "All stops lead to a bloody Death."
	},
	{
		"title": "Was The Toast Of The Town",
		"points1": 0, 
		"points2": 15,
		"description": "Enjoy your fifteen minutes of fame! Next stop: a lifetime of dull misery."
	},
	{
		"title": "Was Chastised by the Church",
		"points1": -10,
		"points3": -15,
		"storyIcon": "Blank", 
		"description": "We're not going to speculate about your vile, deviant practices."
	},
	{
		"title": "Slept without Sorrows",
		"points2": 10,
		"storyIcon": "Blank", 
		"description": "Relax, let your worries slip away, and try not to think about Mister Eyeball Plucker in the closet."
	},
	{
		"title": "Had a Horrible Holiday",
		"points2": -20,
		"points3": -20,
		"description": "You need to get away from your getaway."
	},
	{
		"title": "Was Disgraced at a Dance",
		"points2": -20,
		"storyIcon": "Blank", 
		"description": "Glass shoes? Good thinking."
	},
	{
		"title": "Was Cursed by a Crone",
		"points1": -15,
		"points2": -15,
		"storyIcon": "Death",
		"description": "Glass shoes? Good thinking."
	}
]
