[
	{
		"title": "Choked on a Bone",
		"description": "At least you had a last supper."
	},
	{
		"title": "Died of Despair",
		"description": "A person can only take so much heartache.",
		"points3": -15,
		"effect": "DiscardHand"
	},
	{
		"title": "Died Old and Alone",
		"description": "No, fifty cats don't count.",
		"points1": -15
	},
	{
		"title": "Died Without Cares",
		"description": "We should all be so lucky.",
		"points1": 0,
		"points2": 0,
		"points3": 0
	},
	{
		"title": "Disappeared in the Fog",
		"description": "When you're out on the bog, watch out for the fog."
	},
	{
		"title": "Drank Too Much Rye",
		"description": "At least the remains are already pickled."
	},
	{
		"title": "Drowned in a Bog",
		"description": "Still waters run deep."
	},
	{
		"title": "Fell from on High",
		"description": "Sometimes you have to take a dive."
	},
	{
		"title": "Never Returned",
		"description": "Good Riddance."
	},
	{
		"title": "Ran out of Air",
		"description": "It's never appreciated until it's gone."
	},
	{
		"title": "Was Badly Burned",
		"description": "Well done."
	},
	{
		"title": "Was Baked into a Pie",
		"description": "Dead, but delicious!"
	},
	{
		"title": "Was Burnt by a Mob",
		"description": "Fifty people with torches and pitchforks can't be wrong."
	},
	{
		"title": "Was Consumed from Within",
		"description": "What a way to waste away."
	},
	{
		"title": "Was Devoured by Weasels",
		"description": "Dinner is served."
	},
	{
		"title": "Was Eaten by Bears",
		"description": "Because bears have to eat, too."
	},
	{
		"title": "Was Overcome by the Measles",
		"description": "X marks the spots."
	},
	{
		"title": "Was Pushed Down the Stairs",
		"description": "It's a stairway to Heaven ... or to Hell."
	},
	{
		"title": "Was Slain by an Heir",
		"description": "YOU can't take it with you."
	},
	{
		"title": "Torn Limb from Limb",
		"description": "Rest in pieces."
	},

]
